question,answer
"Question: What is Java? Answer: Java is a high-level, object-oriented programming language developed by Sun Microsystems, now owned by Oracle, designed for platform independence.",
Question: What is the primary use of the Spring Framework? Answer: The primary use of the Spring Framework is to simplify enterprise Java development by providing comprehensive infrastructure support for developing Java applications.,
"Question: What is a Java class? Answer: A Java class is a blueprint from which individual objects are created, encapsulating data and methods that operate on the data.",
Question: What is dependency injection in Spring? Answer: Dependency injection is a design pattern used in Spring to manage the dependencies between objects by injecting the required dependencies into an object.,
"Question: What is the difference between == and equals() in Java? Answer: == checks if two references point to the same object in memory, while equals() checks if the content of the objects is the same.",
Question: What is Spring Boot? Answer: Spring Boot is an extension of the Spring Framework that simplifies the setup and development of new Spring applications with minimal configuration.,
"Question: What are Java Collections? Answer: Java Collections is a framework that provides various classes and interfaces to handle and manipulate groups of objects, such as lists, sets, and maps.",
Question: What is the purpose of @Autowired in Spring? Answer: @Autowired is used in Spring to automatically inject dependencies into a bean by the Spring container.,
"Question: What is a constructor in Java? Answer: A constructor is a special method used to initialize objects when they are created, often setting initial values for object attributes.",
"Question: What is the difference between an abstract class and an interface in Java? Answer: An abstract class can have methods with implementations and constructors, while an interface only contains abstract methods (until Java 8, which introduced default methods).",
"Question: What is the role of the application.properties file in Spring Boot? Answer: application.properties is used to configure various settings for a Spring Boot application, such as database connections and server ports.",
Question: What is a Singleton pattern in Java? Answer: The Singleton pattern ensures that a class has only one instance and provides a global point of access to that instance.,
"Question: What is the Spring Bean Lifecycle? Answer: The Spring Bean Lifecycle includes phases such as instantiation, property setting, initialization, and destruction, managed by the Spring container.",
"Question: What is polymorphism in Java? Answer: Polymorphism allows objects to be treated as instances of their parent class, with the ability to perform different functions based on their actual subclass type.",
"Question: What is the difference between HashMap and TreeMap in Java? Answer: HashMap is unsorted and allows null values, while TreeMap is sorted according to natural ordering or a specified comparator and does not allow null keys.",
Question: What is the use of @Controller in Spring MVC? Answer: @Controller is used to mark a class as a Spring MVC controller that handles HTTP requests and returns a view or response.,
Question: What is the @RequestMapping annotation in Spring? Answer: @RequestMapping is used to map web requests to specific handler methods in a controller class.,
"Question: What are Java Generics? Answer: Generics allow classes and methods to operate on types specified by the user, providing compile-time type safety and reducing the need for type casting.",
"Question: What is the purpose of @Transactional in Spring? Answer: @Transactional is used to define the boundaries of a transaction, ensuring that operations within the transaction are committed or rolled back as a single unit.",
"Question: What is the final keyword in Java? Answer: The final keyword is used to declare constants, prevent method overriding, and inheritance of classes.",
"Question: What is a Spring Data JPA repository? Answer: A Spring Data JPA repository provides an abstraction layer for data access, offering methods for CRUD operations without the need for boilerplate code.",
"Question: What is the difference between ArrayList and LinkedList in Java? Answer: ArrayList is backed by an array and provides fast random access, while LinkedList is a doubly linked list that provides efficient insertions and deletions.",
"Question: What is a Servlet in Java? Answer: A Servlet is a Java class that handles HTTP requests and responses, typically used in web applications to process client requests.",
"Question: What are Spring AOP aspects? Answer: Spring AOP (Aspect-Oriented Programming) aspects are used to define cross-cutting concerns, such as logging or transaction management, that can be applied to multiple parts of an application.",
"Question: What is the purpose of @Component in Spring? Answer: @Component is used to mark a class as a Spring-managed bean, enabling it to be automatically detected and registered by the Spring container.",
"Question: What is a Java Stream? Answer: A Java Stream is an abstraction that allows processing sequences of elements (such as collections) in a functional style, supporting operations like filtering, mapping, and reducing.",
"Question: What is Spring Security? Answer: Spring Security is a framework that provides comprehensive security features for Java applications, including authentication, authorization, and protection against common vulnerabilities.",
"Question: What is the try-with-resources statement in Java? Answer: The try-with-resources statement ensures that resources (like file streams) are closed automatically at the end of the block, avoiding resource leaks.",
Question: What is a Java Interface? Answer: A Java interface is a reference type that can contain method declarations and constants but no implementation. Classes can implement multiple interfaces to inherit their abstract methods.,
"Question: What is Spring Boot Actuator? Answer: Spring Boot Actuator provides production-ready features, such as monitoring and management endpoints, to help manage and monitor Spring Boot applications.",
"Question: What is method overloading in Java? Answer: Method overloading occurs when multiple methods in a class have the same name but different parameter lists, allowing for different implementations based on the parameters.",
"Question: What is the @Service annotation in Spring? Answer: @Service is used to mark a class as a service component in the Spring application context, typically containing business logic.",
"Question: What is Java Reflection? Answer: Java Reflection is an API that allows inspection and modification of classes, methods, and fields at runtime, providing flexibility in dynamic operations.",
"Question: What is the @Bean annotation in Spring? Answer: @Bean is used to define a bean method in a Spring configuration class, which is managed by the Spring container and can be used for dependency injection.",
"Question: What is the @Value annotation in Spring? Answer: @Value is used to inject values into fields, methods, or constructor parameters from property files or other sources.",
"Question: What is a Java Enum? Answer: An enum (short for enumeration) is a special Java type used to define collections of constants, representing a fixed set of named values.",
Question: What is the Spring Boot Starter? Answer: A Spring Boot Starter is a pre-configured set of dependencies and configurations designed to simplify the setup of common functionalities in a Spring Boot application.,
"Question: What is a Java Package? Answer: A Java package is a namespace that organizes related classes and interfaces, providing a way to group and manage them.",
"Question: What is JPA in Spring? Answer: JPA (Java Persistence API) is a specification for managing relational data in Java applications, with implementations like Hibernate providing the actual functionality.",
"Question: What is the @Repository annotation in Spring? Answer: @Repository is used to mark a class as a Data Access Object (DAO) component, typically involved in interacting with the database.",
"Question: What is exception handling in Java? Answer: Exception handling is a mechanism in Java that allows a program to respond to runtime errors (exceptions) using try, catch, finally, and throw statements.",
"Question: What is Spring Boot Starter Data JPA? Answer: Spring Boot Starter Data JPA is a starter dependency for integrating Spring Data JPA into a Spring Boot application, providing data access and repository support.",
"Question: What is Java serialization? Answer: Java serialization is the process of converting an object into a byte stream for storage or transmission, and deserialization is the reverse process of reconstructing the object.",
"Question: What is Spring Boot? Answer: Spring Boot is a framework that simplifies the creation of stand-alone, production-grade Spring applications with minimal configuration, by providing default settings and embedded servers.",
"Question: What is a Java Thread? Answer: A Java thread is a lightweight process that allows concurrent execution of code within a single application, improving performance and responsiveness.",
"Question: What is Spring Boot Starter Web? Answer: Spring Boot Starter Web is a starter dependency for building web applications with Spring Boot, providing the necessary libraries and configurations for creating web-based applications.",
"Question: What is Spring Boot DevTools? Answer: Spring Boot DevTools is a set of tools that enhances the development experience by providing features like automatic restart, live reload, and remote debugging.",
"Question: What is Java Reflection? Answer: Java Reflection is an API that allows inspection and manipulation of classes, methods, and fields at runtime, providing flexibility for dynamic code execution.",
"Question: What is the @Configuration annotation in Spring? Answer: @Configuration is used to indicate that a class contains bean definitions and Spring configuration, allowing the class to be processed by the Spring container to generate bean definitions.",
Question: What is a Java Interface? Answer: A Java interface is a reference type that can contain method declarations and constants but no implementation. Classes can implement multiple interfaces.,
"Question: What is Spring Boot Actuator? Answer: Spring Boot Actuator provides production-ready features to help monitor and manage Spring Boot applications, such as metrics, health checks, and application environment information.",
"Question: What is method overriding in Java? Answer: Method overriding occurs when a subclass provides a specific implementation of a method that is already defined in its superclass, allowing for runtime polymorphism.",
"Question: What is a Java Constructor? Answer: A Java constructor is a special method used to initialize objects when they are created, often setting initial values for the object's attributes.",
"Question: What is the @RequestParam annotation in Spring? Answer: @RequestParam is used to bind request parameters to method parameters in Spring MVC controller methods, allowing access to query parameters from HTTP requests.",
"Question: What is a Java Lambda Expression? Answer: A lambda expression is a concise way to represent an anonymous function or method, allowing for more readable and functional-style code.",
"Question: What is Spring Boot Starter Data MongoDB? Answer: Spring Boot Starter Data MongoDB is a starter dependency for integrating MongoDB with Spring Boot applications, providing support for MongoDB repositories and data access.",
"Question: What is Java Serialization? Answer: Java serialization is the process of converting an object into a byte stream for storage or transmission, and deserialization is the process of converting the byte stream back into an object.",
"Question: What is Spring Boot Starter Test? Answer: Spring Boot Starter Test is a starter dependency for testing Spring Boot applications, providing a set of libraries and tools for writing and executing tests.",
"Question: What is the @PathVariable annotation in Spring? Answer: @PathVariable is used to bind a URI template variable to a method parameter in a Spring MVC controller, allowing dynamic content to be extracted from the URL.",
"Question: What is Spring Boot Starter Security? Answer: Spring Boot Starter Security is a starter dependency for adding Spring Security to a Spring Boot application, providing authentication and authorization features.",
"Question: What is Java Stream API? Answer: Java Stream API provides a way to process sequences of elements (such as collections) in a functional and declarative manner, supporting operations like filtering, mapping, and reducing.",
"Question: What is the @Transactional annotation in Spring? Answer: @Transactional is used to define transaction boundaries for a method or class, ensuring that operations are executed within a transactional context and can be rolled back if needed.",
"Question: What is the @PostConstruct annotation in Spring? Answer: @PostConstruct is used to annotate a method that should be executed after the bean's initialization is complete, allowing for any necessary setup or initialization.",
"Question: What is Spring Data REST? Answer: Spring Data REST is a project that provides a way to expose JPA repositories as RESTful endpoints, simplifying the development of RESTful APIs backed by Spring Data JPA.",
"Question: What is Java Collections Framework? Answer: The Java Collections Framework is a set of interfaces and classes that provide data structures and algorithms for storing and manipulating groups of objects, such as lists, sets, and maps.",
"Question: What is the @ResponseBody annotation in Spring? Answer: @ResponseBody is used to indicate that the return value of a method should be written directly to the HTTP response body, rather than being interpreted as a view name.",
"Question: What is Spring Boot Starter JDBC? Answer: Spring Boot Starter JDBC is a starter dependency for working with JDBC (Java Database Connectivity) in Spring Boot applications, providing support for database access and configuration.",
"Question: What is Java Exception Handling? Answer: Exception handling in Java is a mechanism that allows a program to respond to runtime errors (exceptions) using try, catch, finally, and throw statements to handle or recover from exceptions.",
"Question: What is the @EnableAutoConfiguration annotation in Spring Boot? Answer: @EnableAutoConfiguration is used to enable Spring Boot's auto-configuration feature, allowing Spring to automatically configure application components based on the dependencies present on the classpath.",
"Question: What is Spring Boot Starter Thymeleaf? Answer: Spring Boot Starter Thymeleaf is a starter dependency for integrating Thymeleaf as a template engine in Spring Boot applications, supporting server-side rendering of HTML templates.",
"Question: What is Java Reflection used for? Answer: Java Reflection is used for inspecting and manipulating classes, methods, and fields at runtime, providing the ability to dynamically load classes, invoke methods, and modify fields.",
"Question: What is the @ComponentScan annotation in Spring? Answer: @ComponentScan is used to specify the packages that Spring should scan for annotated components, such as @Component, @Service, @Repository, and @Controller.",
"Question: What is Spring Boot Starter AMQP? Answer: Spring Boot Starter AMQP is a starter dependency for integrating AMQP (Advanced Message Queuing Protocol) messaging with Spring Boot applications, providing support for RabbitMQ and other AMQP brokers.",
"Question: What is Java Concurrency? Answer: Java concurrency refers to the capability of Java to execute multiple threads or processes simultaneously, allowing for parallel execution and improved performance in multi-threaded applications.",
"Question: What is the @RequestMapping annotation used for in Spring? Answer: @RequestMapping is used to map web requests to specific handler methods in a Spring MVC controller, defining the URL patterns and request methods that the method should handle.",
"Question: What is Spring Boot Starter Data Redis? Answer: Spring Boot Starter Data Redis is a starter dependency for integrating Redis with Spring Boot applications, providing support for Redis data access and caching.",
"Question: What is Java Collections used for? Answer: Java Collections is used for storing and manipulating groups of objects, providing data structures like lists, sets, and maps, and algorithms for common operations like sorting and searching.",
"Question: What is the @Bean annotation used for in Spring? Answer: @Bean is used to define a bean in a Spring configuration class, allowing the Spring container to manage the bean's lifecycle and dependencies.",
"Question: What is the @SpringBootApplication annotation? Answer: @SpringBootApplication is a convenience annotation that combines @Configuration, @EnableAutoConfiguration, and @ComponentScan, used to mark the main class of a Spring Boot application.",
"Question: What is Spring Boot Starter Data JPA used for? Answer: Spring Boot Starter Data JPA is used to simplify the integration of JPA (Java Persistence API) with Spring Boot applications, providing support for repositories and data access.",
"Question: What is Java Reflection used for? Answer: Java Reflection is used to inspect and manipulate classes, methods, and fields at runtime, enabling dynamic code execution and providing flexibility in programming.",
"Question: What is Spring Boot Starter Web? Answer: Spring Boot Starter Web is used to build web applications with Spring Boot, providing the necessary dependencies and configurations for web development.",
"Question: What is the @Service annotation used for in Spring? Answer: @Service is used to annotate service classes in Spring, indicating that they contain business logic and should be managed.",
"Question: What is the @RestController annotation in Spring? Answer: @RestController is a convenience annotation that combines @Controller and @ResponseBody, used for creating RESTful web services where methods return data directly to the HTTP response body.",
"Question: What is the @Entity annotation in JPA? Answer: @Entity marks a class as an entity that is mapped to a database table, allowing it to be managed by the JPA provider.",
"Question: What is the @Table annotation in JPA? Answer: @Table is used to specify the table name in the database that the entity is mapped to, allowing customization of the table name.",
"Question: What is Spring Boot Starter Data Elasticsearch? Answer: Spring Boot Starter Data Elasticsearch is a starter dependency for integrating Elasticsearch with Spring Boot applications, providing support for indexing and searching data.",
"Question: What is the @Column annotation in JPA? Answer: @Column is used to specify the column details for a field in an entity class, such as column name, length, and whether it is nullable.",
"Question: What is the @Autowired annotation used for in Spring? Answer: @Autowired is used to automatically inject dependencies into a bean, allowing Spring to resolve and provide the required dependencies.",
"Question: What is Java Stream API used for? Answer: Java Stream API is used to process sequences of elements (such as collections) in a functional and declarative style, enabling operations like filtering, mapping, and reducing.",
Question: What is the @Entity annotation used for in JPA? Answer: @Entity is used to define a class as an entity that will be managed by the JPA provider and mapped to a database table.,
"Question: What is Spring Boot Starter Data R2DBC? Answer: Spring Boot Starter Data R2DBC is a starter dependency for integrating R2DBC (Reactive Relational Database Connectivity) with Spring Boot, providing support for reactive database access.",
"Question: What is the @Transactional annotation used for in Spring? Answer: @Transactional is used to define the scope of a transaction, ensuring that all operations within the transaction are committed or rolled back as a single unit.",
"Question: What is Java Stream API? Answer: Java Stream API provides a way to process sequences of elements (such as collections) in a functional style, supporting operations like filtering, mapping, and reducing.",
"Question: What is the @CrossOrigin annotation in Spring? Answer: @CrossOrigin is used to allow or restrict cross-origin requests to a Spring MVC controller method or class, facilitating CORS (Cross-Origin Resource Sharing) configuration.",
"Question: What is the @PreAuthorize annotation in Spring Security? Answer: @PreAuthorize is used to specify security constraints on methods, allowing authorization based on expressions or roles before method execution.",
"Question: What is Java Concurrency? Answer: Java Concurrency refers to the capability of Java to handle multiple threads or processes simultaneously, enabling parallel execution and improving application performance.",
"Question: What is Spring Boot Starter Batch? Answer: Spring Boot Starter Batch is a starter dependency for integrating Spring Batch with Spring Boot, providing support for batch processing and job management.",
"Question: What is the @Query annotation in Spring Data JPA? Answer: @Query is used to define custom queries in Spring Data JPA repositories, allowing for complex queries beyond the standard repository methods.",
Question: What is Java Garbage Collection? Answer: Java Garbage Collection is the process by which the Java Virtual Machine (JVM) automatically manages memory by reclaiming unused objects and freeing up memory resources.,
"Question: What is the @Value annotation used for in Spring? Answer: @Value is used to inject values into fields, methods, or constructor parameters from property files or other external sources.",
"Question: What is Spring Boot Starter AOP? Answer: Spring Boot Starter AOP is a starter dependency for integrating Aspect-Oriented Programming (AOP) with Spring Boot applications, providing support for defining and managing aspects.",
"Question: What is Java Reflection API? Answer: Java Reflection API allows the inspection and manipulation of classes, methods, and fields at runtime, providing dynamic behavior and flexibility in code execution.",
"Question: What is the @ControllerAdvice annotation in Spring? Answer: @ControllerAdvice is used to define global exception handlers, model enhancements, and binding configurations for all controllers in a Spring MVC application.",
"Question: What is Spring Boot Starter Data JPA used for? Answer: Spring Boot Starter Data JPA simplifies the integration of JPA with Spring Boot applications by providing support for data access, repositories, and ORM functionality.",
"Question: What is the @ModelAttribute annotation in Spring? Answer: @ModelAttribute is used to bind request parameters to method parameters or model attributes, allowing for data binding and validation in Spring MVC.",
"Question: What is Spring Boot Starter Data JDBC? Answer: Spring Boot Starter Data JDBC is a starter dependency for integrating JDBC (Java Database Connectivity) with Spring Boot, providing support for data access and simple queries.",
"Question: What is the @RequestBody annotation in Spring? Answer: @RequestBody is used to bind the body of an HTTP request to a method parameter, allowing for automatic deserialization of request data into Java objects.",
"Question: What is Java Serialization used for? Answer: Java Serialization is used to convert an object into a byte stream for storage or transmission, and deserialize it back into an object, facilitating object persistence and communication.",
"Question: What is the @EntityScan annotation in Spring Boot? Answer: @EntityScan is used to specify the packages to scan for JPA entities, allowing for custom configuration of entity package locations.",
"Question: What is Spring Boot Starter Data Redis? Answer: Spring Boot Starter Data Redis is a starter dependency for integrating Redis with Spring Boot, providing support for caching and data access using Redis.",
Question: What is Java NIO? Answer: Java NIO (New Input/Output) is an alternative I/O library introduced in Java 1.4 that provides non-blocking I/O operations and more efficient file and network operations.,
"Question: What is the @RequestMapping annotation used for in Spring MVC? Answer: @RequestMapping is used to map HTTP requests to specific handler methods in a Spring MVC controller, defining URL patterns and request methods.",
"Question: What is Spring Boot Starter Data MongoDB? Answer: Spring Boot Starter Data MongoDB is a starter dependency for integrating MongoDB with Spring Boot, providing support for data access and MongoDB repositories.",
"Question: What is Java Synchronized? Answer: synchronized is a keyword in Java used to control access to a block of code or object, ensuring that only one thread can execute the synchronized block or method at a time.",
"Question: What is the @Bean annotation in Spring Boot? Answer: @Bean is used to define a bean in a Spring configuration class, allowing the Spring container to manage the bean's lifecycle and dependencies.",
"Question: What is Spring Boot Starter Web used for? Answer: Spring Boot Starter Web is used to build web applications with Spring Boot, providing the necessary dependencies and configurations for web development.",
"Question: What is Java Reflection used for in code? Answer: Java Reflection is used for inspecting and manipulating classes, methods, and fields at runtime, allowing for dynamic code execution and modifications.",
"Question: What is Spring Boot Starter Data JPA? Answer: Spring Boot Starter Data JPA is used to simplify the integration of JPA (Java Persistence API) with Spring Boot applications, providing support for data access and repository management.",
"Question: What is the @Transactional annotation used for in Spring? Answer: @Transactional is used to define the scope of a transaction, ensuring that all operations within the transaction are committed or rolled back as a single unit.",
"Question: What is Spring Boot Starter Test? Answer: Spring Boot Starter Test is a starter dependency for testing Spring Boot applications, providing a set of libraries and tools for writing and executing unit and integration tests.",
"Question: What is Java Enum? Answer: A Java enum is a special type of class that represents a group of constants, providing a type-safe way to define a fixed set of values.",
"Question: What is the @SpringBootApplication annotation used for? Answer: @SpringBootApplication is used to mark the main class of a Spring Boot application, combining @Configuration, @EnableAutoConfiguration, and @ComponentScan to simplify configuration.",
"Question: What is Spring Boot Starter AMQP? Answer: Spring Boot Starter AMQP is a starter dependency for integrating AMQP (Advanced Message Queuing Protocol) with Spring Boot applications, providing support for messaging and RabbitMQ.",
"Question: What is the @Valid annotation in Spring? Answer: @Valid is used to indicate that a method parameter or field should be validated according to its constraints, often used in conjunction with validation annotations like @NotNull and @Size.",
Question: What is Spring Data JPA? Answer: Spring Data JPA is a part of the Spring Data project that simplifies data access and management using JPA (Java Persistence API) by providing repositories and reducing boilerplate code.,
"Question: What is Java Generics? Answer: Java Generics is a feature that allows for the creation of classes, interfaces, and methods with type parameters, providing type safety and reducing the need for casting.",
"Question: What is the @Component annotation in Spring? Answer: @Component is used to mark a class as a Spring-managed component, allowing it to be automatically detected and registered as a bean during component scanning.",
"Question: What is Spring Boot Starter Thymeleaf? Answer: Spring Boot Starter Thymeleaf is a starter dependency for integrating Thymeleaf, a server-side template engine, with Spring Boot applications for rendering HTML templates.",
"Question: What is the @Configuration annotation used for in Spring? Answer: @Configuration is used to mark a class as a source of bean definitions for the Spring application context, allowing the class to provide bean configurations.",
"Question: What is Java JVM? Answer: Java JVM (Java Virtual Machine) is a runtime environment that executes Java bytecode, providing platform independence and managing memory and thread execution.",
"Question: What is the @RequestMapping annotation used for? Answer: @RequestMapping is used to map HTTP requests to specific handler methods in a Spring MVC controller, defining the URL patterns and HTTP methods.",
"Question: What is Spring Boot Starter JDBC? Answer: Spring Boot Starter JDBC is a starter dependency for integrating JDBC (Java Database Connectivity) with Spring Boot applications, providing support for database access and configuration.",
"Question: What is Java AOP? Answer: Java AOP (Aspect-Oriented Programming) is a programming paradigm that provides a way to modularize cross-cutting concerns, such as logging and security, by defining aspects.",
"Question: What is the @RestController annotation used for? Answer: @RestController is used to create RESTful web services by combining @Controller and @ResponseBody, allowing methods to return data directly to the HTTP response body.",
"Question: What is Spring Boot Starter Web used for? Answer: Spring Boot Starter Web is used to build web applications with Spring Boot, providing the necessary dependencies and configurations for developing web applications.",
"Question: What is Java ArrayList? Answer: ArrayList is a resizable-array implementation of the List interface in Java, providing dynamic array capabilities and efficient retrieval and insertion of elements.",
"Question: What is the @Repository annotation in Spring? Answer: @Repository is used to mark a class as a data access component, indicating that it should be managed by the Spring container and allowing for exception translation.",
"Question: What is Java Reflection? Answer: Java Reflection is an API that allows for inspection and manipulation of classes, methods, and fields at runtime, providing flexibility and dynamic behavior.",
"Question: What is Spring Boot Starter Security? Answer: Spring Boot Starter Security is a starter dependency for adding Spring Security to a Spring Boot application, providing authentication and authorization capabilities.",
Question: What is the @Entity annotation used for? Answer: @Entity is used to define a class as an entity that will be managed by JPA and mapped to a database table.,
"Question: What is Java HashMap? Answer: HashMap is a hash table-based implementation of the Map interface in Java, providing efficient key-value pair storage and retrieval with constant-time complexity.",
"Question: What is the @Service annotation in Spring? Answer: @Service is used to annotate service classes in Spring, marking them as business logic components that should be managed by the Spring container.",
"Question: What is Java LinkedList? Answer: LinkedList is a doubly linked list implementation of the List interface in Java, allowing for efficient insertion and removal of elements.",
"Question: What is the @ComponentScan annotation used for? Answer: @ComponentScan is used to specify the packages that Spring should scan for annotated components, such as @Component, @Service, and @Repository.",
"Question: What is Spring Boot Starter Data R2DBC? Answer: Spring Boot Starter Data R2DBC is a starter dependency for integrating R2DBC (Reactive Relational Database Connectivity) with Spring Boot, supporting reactive database access.",
"Question: What is Java Synchronized used for? Answer: The synchronized keyword is used to control access to a block of code or object, ensuring that only one thread can execute the synchronized code or method at a time.",
"Question: What is the @Value annotation used for in Spring? Answer: @Value is used to inject values into fields, methods, or constructor parameters from property files or other external sources.",
"Question: What is Spring Boot Starter Batch? Answer: Spring Boot Starter Batch is a starter dependency for integrating Spring Batch with Spring Boot applications, providing support for batch processing and job management.",
"Question: What is the difference between == and .equals() in Java? Answer: == checks if two references point to the same object in memory, while .equals() checks if two objects are logically equivalent based on their content or state.",
"Question: What is the purpose of the final keyword in Java? Answer: The final keyword is used to declare constants, prevent method overriding, and prevent inheritance of classes.",
"Question: What are the different types of access modifiers in Java? Answer: The access modifiers in Java are public, protected, default (no modifier), and private, controlling the visibility and accessibility of classes, methods, and fields.",
"Question: What is the difference between an abstract class and an interface in Java? Answer: An abstract class can have both abstract methods (without implementations) and concrete methods (with implementations), while an interface can only have abstract methods (from Java 8 onwards, interfaces can have default and static methods).",
Question: What is a constructor in Java? Answer: A constructor is a special method used to initialize objects of a class. It has the same name as the class and does not have a return type.,
Question: What is the this keyword used for in Java? Answer: The this keyword refers to the current instance of a class and is used to access instance variables and methods from within the class.,
"Question: What is method overloading in Java? Answer: Method overloading is defining multiple methods in the same class with the same name but different parameters (different type, number, or both).",
Question: What is method overriding in Java? Answer: Method overriding occurs when a subclass provides a specific implementation for a method that is already defined in its superclass.,
"Question: What is an enum in Java? Answer: An enum (short for enumeration) is a special data type that defines a set of named constants, making it easier to work with a fixed set of related values.",
"Question: What is the difference between ArrayList and LinkedList in Java? Answer: ArrayList uses a dynamic array to store elements and provides fast random access, while LinkedList uses a doubly linked list and provides efficient insertion and removal operations.",
Question: What is the static keyword used for in Java? Answer: The static keyword is used to define class-level methods and variables that belong to the class itself rather than instances of the class.,
"Question: What is a Java Package? Answer: A package in Java is a namespace that organizes classes and interfaces into a directory structure, helping to avoid naming conflicts and manage access control.",
"Question: What is the difference between throw and throws in Java? Answer: throw is used to explicitly throw an exception from a method, while throws is used in method declarations to indicate that a method may throw one or more exceptions.",
Question: What is the purpose of the super keyword in Java? Answer: The super keyword refers to the superclass of the current object and is used to access superclass methods and constructors.,
"Question: What is the difference between String, StringBuilder, and StringBuffer in Java? Answer: String is immutable and cannot be changed after creation, StringBuilder is mutable and not synchronized, while StringBuffer is mutable and synchronized, making it thread-safe.",
"Question: What is a try-catch block used for in Java? Answer: A try-catch block is used to handle exceptions that may occur during the execution of code in the try block, allowing for graceful error handling in the catch block.",
"Question: What is the finally block in Java? Answer: The finally block is used to execute code that must run regardless of whether an exception is thrown or not, often used for resource cleanup.",
"Question: What is the difference between public, protected, and private access modifiers? Answer: public allows access from any class, protected allows access from within the same package and subclasses, and private restricts access to within the same class only.",
"Question: What is the purpose of the default keyword in an interface in Java? Answer: The default keyword allows methods in an interface to have an implementation, providing a way to add new methods to interfaces without breaking existing implementations.",
"Question: What is the instanceof operator used for in Java? Answer: The instanceof operator is used to check if an object is an instance of a specific class or subclass, or if it implements a particular interface.",
"Question: What is a Java Iterator? Answer: An Iterator is an object that allows for traversing a collection, accessing elements sequentially, and removing elements from the collection if desired.",
"Question: What is the hashCode() method used for in Java? Answer: The hashCode() method returns an integer hash code value for an object, used in hashing-based collections like HashMap to locate objects efficiently.",
"Question: What is the clone() method used for in Java? Answer: The clone() method creates and returns a copy of the current object, provided that the class implements the Cloneable interface.",
"Question: What is the purpose of the synchronized keyword in Java? Answer: The synchronized keyword is used to control access to a block of code or object, ensuring that only one thread can execute the synchronized block or method at a time.",
"Question: What is a Java Thread? Answer: A Thread is a lightweight process that allows for concurrent execution of code in Java, enabling multitasking and parallelism.",
"Question: What is Java Serialization? Answer: Java Serialization is the process of converting an object into a byte stream to save its state or transmit it over a network, and deserialization is the process of reconstructing the object from the byte stream.",
Question: What is a Java Abstract Class? Answer: An abstract class is a class that cannot be instantiated and may contain abstract methods (methods without implementations) that must be implemented by subclasses.,
"Question: What is the String.intern() method used for? Answer: The String.intern() method returns a canonical representation of the string, ensuring that all equal strings share the same reference.",
"Question: What is the @Override annotation used for in Java? Answer: The @Override annotation indicates that a method is intended to override a method declared in a superclass, helping to ensure method signature correctness.",
"Question: What is the volatile keyword used for in Java? Answer: The volatile keyword ensures that changes to a variable are visible to all threads immediately, preventing caching and optimization issues in multithreaded environments.",
Question: What is Abhishek's favorite car color? Answer: Black.,
Question: What is Abhishek's favorite food? Answer: Biriyani.,
Question: Who is Abhishek's favorite actor? Answer: SRK.,
Question: What is Abhishek's favorite sport? Answer: Cricket.,
Question: What is Abhishek's favorite place visited? Answer: Goa.,
Question: Who are Abhishek's favorite colleagues? Answer: Tusar and Nazeer sir.,
Question: A wish for Abhishek? Answer: Happy Work Anniversary.,
"Question: What is inheritance in Java? Answer: Inheritance is a mechanism in Java where a new class (subclass) acquires the properties and behaviors of an existing class (superclass), allowing code reuse and establishing an ""is-a"" relationship.",
"Question: What is polymorphism in Java? Answer: Polymorphism is the ability of a Java object to take on many forms. It allows methods to perform different tasks based on the objectâ€™s runtime type, enabling method overriding and method overloading.",
"Question: What is encapsulation in Java? Answer: Encapsulation is the practice of bundling the data (variables) and methods that operate on the data into a single unit, usually a class, and restricting access to the internal state using access modifiers.",
"Question: What is abstraction in Java? Answer: Abstraction is the concept of hiding the complex implementation details and showing only the essential features of an object, usually achieved using abstract classes and interfaces.",
Question: What is an abstract class in Java? Answer: An abstract class is a class that cannot be instantiated and may contain abstract methods (methods without implementations) that must be implemented by subclasses.,
Question: What is an interface in Java? Answer: An interface is a reference type in Java that can contain only abstract methods and constants. It is used to specify a contract that implementing classes must follow.,
"Question: How does method overriding work in Java? Answer: Method overriding occurs when a subclass provides a specific implementation for a method that is already defined in its superclass, allowing the subclass to alter or extend the behavior of the superclass method.",
"Question: What is the super keyword used for in Java? Answer: The super keyword refers to the superclass of the current object and is used to access superclass methods, constructors, and fields from within the subclass.",
"Question: What is the this keyword used for in Java? Answer: The this keyword refers to the current instance of a class and is used to access instance variables, methods, and constructors from within the class.",
"Question: What is the difference between composition and inheritance in Java? Answer: Composition involves building a class using one or more objects of other classes (has-a relationship), while inheritance involves extending a class to create a new class (is-a relationship).",
Question: What is method hiding in Java? Answer: Method hiding occurs when a static method in a subclass has the same name and parameters as a static method in the superclass. The subclass method hides the superclass method rather than overriding it.,
"Question: What is the purpose of the final keyword in OOP? Answer: In OOP, the final keyword is used to define constants, prevent method overriding, and prevent inheritance of classes, providing a way to create immutable or fixed behavior.",
"Question: What is the instanceof operator used for in Java? Answer: The instanceof operator is used to check if an object is an instance of a specific class or subclass, or if it implements a particular interface.",
"Question: How does dynamic method dispatch work in Java? Answer: Dynamic method dispatch is a mechanism in Java where a method call is resolved at runtime based on the object's runtime type, allowing method overriding and polymorphism.",
"Question: What is a concrete class in Java? Answer: A concrete class is a class that can be instantiated and provides implementations for all its methods, unlike an abstract class that may have abstract methods.",
"Question: What is a default method in an interface? Answer: A default method in an interface is a method with a default implementation, introduced in Java 8, allowing interfaces to have methods with a body.",
"Question: What is the purpose of the abstract keyword in Java? Answer: The abstract keyword is used to define abstract classes and methods, indicating that the class cannot be instantiated and that the method must be implemented by subclasses.",
"Question: What is the difference between overloading and overriding in Java? Answer: Overloading refers to defining multiple methods with the same name but different parameters within the same class, while overriding refers to providing a specific implementation of a method in a subclass that is already defined in the superclass.",
"Question: What is the significance of the Object class in Java? Answer: The Object class is the root of the class hierarchy in Java. Every class implicitly inherits from Object and inherits methods such as equals(), hashCode(), and toString().",
"Question: What is the default keyword used for in Java interfaces? Answer: The default keyword is used to provide a default implementation for methods in an interface, allowing interface evolution without affecting existing implementations.",
"Question: Can you instantiate an abstract class in Java? Answer: No, you cannot instantiate an abstract class directly. You must create a subclass that implements all abstract methods of the abstract class and then instantiate the subclass.",
"Question: What happens if you call an abstract method from a constructor of an abstract class? Answer: Calling an abstract method from a constructor of an abstract class will not compile if the subclass has not implemented the abstract method, as the abstract method must be implemented before creating an instance.",
"Question: Can a class extend multiple classes in Java? Answer: No, Java does not support multiple inheritance of classes. A class can only extend one class but can implement multiple interfaces.",
"Question: Can a static method be overridden in Java? Answer: No, static methods cannot be overridden. They can be hidden if a subclass defines a static method with the same name and parameters as the superclass method.",
"Question: What is the difference between method overloading and method overriding with examples? Answer: Method overloading is defining multiple methods with the same name but different parameters in the same class, while method overriding is providing a specific implementation of a method in a subclass that is already defined in the superclass.",
"Question: Can you override a private method in Java? Answer: No, private methods cannot be overridden because they are not visible to subclasses. They can only be redefined within the same class.",
"Question: What is the difference between == and .equals() when comparing objects in Java? Answer: == compares object references to see if they point to the same memory location, while .equals() compares the actual content of the objects if overridden appropriately.",
